App,Package,Start Time,Duration,Filename
"System",,"Oct 13, 2018 @ 08:40:05 PM","1 min 5 sec","Trepn_2018.10.13_204004.db"

Time  [ms],"Battery Status",Time  [ms],"Battery Power* [uW] (Raw)","Battery Power* [uW] (Delta)",Time  [ms],"CPU1 Frequency [kHz]",Time  [ms],"CPU2 Frequency [kHz]",Time  [ms],"CPU1 Load [%]",Time  [ms],"CPU2 Load [%]",
29,1,29,1084271,392417,95,2295000,27,2193000,27,0,28,84,
97,1,97,1397655,705801,195,2295000,96,2295000,95,0,97,100,
197,1,197,1257889,566035,295,2295000,196,2295000,195,0,197,90,
298,1,298,461226,0,396,2295000,296,2295000,296,0,297,33,
397,1,397,153742,0,497,586500,397,2295000,396,0,397,11,
508,1,508,18812,0,597,1530000,500,586500,498,0,507,12,
599,1,599,348840,0,698,1734000,598,1530000,597,0,599,50,
700,1,699,620244,0,798,1530000,698,1734000,698,0,699,72,
800,1,800,174420,0,907,1530000,799,1530000,798,0,800,25,
909,1,909,481399,0,1006,2193000,908,1530000,907,0,909,69,
1008,1,1008,477595,0,1109,561000,1007,2193000,1007,0,1008,37,
1116,1,1115,48541,0,1210,1530000,1111,561000,1110,0,1115,33,
1212,1,1212,313955,0,1310,510000,1210,1530000,1210,0,1212,45,
1318,1,1317,34700,0,1417,2193000,1312,510000,1311,0,1315,27,
1419,1,1419,1290799,598945,1518,2295000,1418,2193000,1418,0,1419,100,
1519,1,1519,614968,0,1618,2295000,1518,2295000,1518,0,1519,44,
1619,1,1619,573038,0,1718,2295000,1618,2295000,1618,0,1619,41,
1719,1,1719,573038,0,1819,1530000,1719,2295000,1718,0,1719,41,
1821,1,1821,174420,0,1920,637500,1820,1530000,1819,0,1820,25,
1924,1,1924,0,0,2020,1530000,1921,637500,1920,0,1923,0,
2022,1,2022,153489,0,2120,1530000,2021,1530000,2020,0,2022,22,
2122,1,2122,0,0,2221,1530000,2121,1530000,2120,0,2122,0,
2222,1,2222,251164,0,2321,1530000,2221,1530000,2221,0,2222,36,
2322,1,2322,230234,0,2423,561000,2321,1530000,2321,0,2322,33,
2438,1,2437,48541,0,2523,1530000,2430,561000,2427,0,2436,33,
2525,1,2525,153489,0,2623,1530000,2524,1530000,2523,0,2525,22,
2625,1,2625,139536,0,2723,1530000,2624,1530000,2624,0,2625,20,
2725,1,2725,230234,0,2824,1530000,2724,1530000,2724,0,2725,33,
2827,1,2826,153489,0,2925,1530000,2825,1530000,2825,0,2826,22,
2926,1,2926,69768,0,3026,1530000,2925,1530000,2925,0,2926,10,
3028,1,3028,418607,0,3126,1530000,3027,1530000,3026,0,3028,60,
3128,1,3128,63912,0,3227,1836000,3127,943500,3126,0,3128,20,
3230,1,3230,417814,0,3327,2295000,3229,1836000,3228,0,3230,44,
3329,1,3329,1257889,566035,3427,2295000,3327,2295000,3327,0,3329,90,
3428,1,3428,880522,188668,3527,1122000,3427,2295000,3427,0,3428,63,
3530,1,3529,75613,0,3629,561000,3528,1122000,3528,0,3529,18,
3638,1,3636,44128,0,3728,1530000,3631,561000,3630,0,3635,30,
3734,1,3734,313955,0,3829,765000,3730,1530000,3729,0,3734,45,
3832,1,3832,0,0,3930,1836000,3830,765000,3830,0,3832,0,
3931,1,3931,854621,162767,4030,2295000,3930,1836000,3930,0,3931,90,
4032,1,4031,1397655,705801,4130,2295000,4030,2295000,4030,0,4031,100,
4132,1,4132,698827,6973,4231,2295000,4131,2295000,4131,0,4132,50,
4232,1,4232,1118124,426270,4331,2295000,4231,2295000,4231,0,4232,80,
4332,1,4332,922452,230598,4431,2295000,4331,2295000,4331,0,4332,66,
4433,1,4433,559062,0,4532,2295000,4432,2295000,4431,0,4432,40,
4534,1,4534,796663,104809,4635,2295000,4533,2295000,4532,0,4533,57,
4637,1,4636,1397655,705801,4735,2295000,4636,2295000,4635,0,4636,100,
4737,1,4737,698827,6973,4836,2295000,4736,2295000,4736,0,4737,50,
4837,1,4837,1132100,440246,4939,2295000,4836,2295000,4836,0,4837,81,
4946,1,4946,1118124,426270,5040,2295000,4940,2295000,4940,0,4945,80,
5041,1,5041,1257889,566035,5141,2295000,5040,2295000,5040,0,5041,90,
5142,1,5142,1397655,705801,5241,2295000,5142,2295000,5141,0,5142,100,
5242,1,5242,1397655,705801,5341,2295000,5241,2295000,5241,0,5242,100,
5343,1,5343,1257889,566035,5443,2295000,5342,2295000,5341,0,5342,90,
5445,1,5444,1397655,705801,5544,2295000,5444,2295000,5443,0,5444,100,
5545,1,5545,1397655,705801,5646,2295000,5544,2295000,5544,0,5545,100,
5647,1,5647,1397655,705801,5746,2295000,5646,2295000,5646,0,5647,100,
5747,1,5747,1397655,705801,5848,2295000,5747,2295000,5746,0,5747,100,
5849,1,5849,1397655,705801,5948,2295000,5848,2295000,5848,0,5849,100,
5953,1,5953,1397655,705801,6049,2295000,5949,2295000,5949,0,5953,100,
6053,1,6053,1397655,705801,6149,2091000,6052,2295000,6049,0,6053,100,
6151,1,6151,1188106,496252,6250,2295000,6150,2091000,6150,0,6151,100,
6252,1,6252,1229936,538082,6352,2295000,6250,2295000,6250,0,6251,88,
6355,1,6355,1397655,705801,6454,2295000,6353,2295000,6353,0,6354,100,
6456,1,6456,1397655,705801,6553,2295000,6455,2295000,6455,0,6456,100,
6555,1,6554,1397655,705801,6655,2091000,6554,2295000,6553,0,6554,100,
6661,1,6661,1081176,389322,6755,2295000,6655,2091000,6655,0,6660,91,
6757,1,6756,1397655,705801,6855,2295000,6755,2295000,6755,0,6756,100,
6861,1,6859,1397655,705801,6955,2295000,6856,2295000,6856,0,6859,100,
6956,1,6956,1257889,566035,7056,2091000,6956,2295000,6956,0,6956,90,
7057,1,7057,784150,92296,7157,2014500,7056,2091000,7056,0,7057,66,
7158,1,7158,445526,0,7259,1632000,7157,2014500,7157,0,7158,40,
7268,1,7267,621987,0,7358,2091000,7263,1632000,7261,0,7267,80,
7360,1,7360,1069295,377441,7458,2295000,7359,2091000,7358,0,7359,90,
7460,1,7460,810639,118785,7558,2295000,7459,2295000,7458,0,7459,58,
7561,1,7561,922452,230598,7659,2295000,7560,2295000,7560,0,7561,66,
7662,1,7660,1397655,705801,7759,2091000,7660,2295000,7659,0,7660,100,
7761,1,7761,1069295,377441,7860,2091000,7760,2091000,7760,0,7761,90,
7861,1,7861,1188106,496252,7960,2295000,7861,2091000,7860,0,7861,100,
7962,1,7962,1397655,705801,8061,2295000,7961,2295000,7961,0,7962,100,
8062,1,8062,1215959,524105,8161,2295000,8062,2295000,8061,0,8062,87,
8163,1,8163,1160053,468199,8262,2295000,8162,2295000,8162,0,8163,83,
8264,1,8264,838593,146739,8363,1734000,8263,2295000,8263,0,8264,60,
8364,1,8364,0,0,8465,637500,8363,1734000,8363,0,8364,0,
8469,1,8469,38919,0,8566,714000,8467,637500,8466,0,8468,22,
8571,1,8571,121254,0,8667,612000,8568,714000,8568,0,8571,58,
8670,1,8670,60015,0,8767,637500,8668,612000,8667,0,8670,36,
8792,1,8791,66192,0,8869,1530000,8782,561000,8776,0,8790,45,
8873,1,8873,383724,0,8970,1530000,8871,1530000,8869,0,8873,55,
8971,1,8971,460468,0,9070,1224000,8971,1530000,8970,0,8971,66,
9073,1,9073,241617,0,9171,1530000,9071,1224000,9071,0,9073,50,
9172,1,9172,174420,0,9271,1530000,9171,1530000,9171,0,9172,25,
9273,1,9273,230234,0,9373,561000,9272,1530000,9272,0,9273,33,
9382,1,9380,52953,0,9479,1530000,9374,561000,9374,0,9379,36,
9480,1,9480,348840,0,9579,1530000,9479,1530000,9479,0,9480,50,
9581,1,9581,306979,0,9629,1836000,9580,1530000,9579,0,9580,44,
9631,1,9630,313361,0,9730,2295000,9630,1836000,9630,0,9630,33,
9731,1,9731,1257889,566035,9831,2295000,9731,2295000,9731,0,9731,90,
9833,1,9833,614968,0,9931,2091000,9832,2295000,9831,0,9833,44,
9934,1,9934,1188106,496252,10032,2295000,9932,2091000,9932,0,9932,100,
10033,1,10033,503155,0,10132,1530000,10032,2295000,10032,0,10033,36,
10133,1,10133,306979,0,10233,1530000,10133,1530000,10132,0,10133,44,
10239,1,10239,432561,0,10333,1836000,10233,1530000,10233,0,10234,62,
10334,1,10334,598234,0,10436,1530000,10333,1836000,10333,0,10334,63,
10438,1,10437,565120,0,10536,1734000,10437,1530000,10436,0,10437,81,
10538,1,10538,568557,0,10637,2014500,10537,1734000,10536,0,10538,66,
10639,1,10639,980159,288305,10738,2295000,10638,2014500,10638,0,10639,88,
10739,1,10739,838593,146739,10839,1224000,10738,2295000,10738,0,10739,60,
10841,1,10840,106311,0,10939,1530000,10839,1224000,10839,0,10840,22,
10943,1,10943,313955,0,11042,1530000,10939,1530000,10939,0,10942,45,
11044,1,11043,279072,0,11143,1530000,11043,1530000,11042,0,11043,40,
11147,1,11147,209303,0,11243,2193000,11143,1530000,11143,0,11146,30,
11244,1,11244,1161719,469865,11345,510000,11243,2193000,11243,0,11244,90,
11356,1,11355,17651,0,11444,1734000,11350,561000,11348,0,11354,12,
11445,1,11445,430725,0,11544,1632000,11444,1734000,11444,0,11445,50,
11548,1,11548,559789,0,11645,714000,11546,1632000,11545,0,11548,72,
11648,1,11648,68989,0,11746,1530000,11646,714000,11646,0,11648,33,
11758,1,11758,439538,0,11846,1938000,11747,1530000,11746,0,11757,63,
11847,1,11847,687633,0,11948,1836000,11846,1938000,11846,0,11847,66,
11951,1,11951,512772,0,12047,2295000,11950,1836000,11950,0,11951,54,
12048,1,12048,978358,286504,12147,2295000,12047,2295000,12047,0,12048,70,
12148,1,12148,614968,0,12247,1530000,12147,2295000,12147,0,12148,44,
12252,1,12252,69768,0,12348,1530000,12248,1530000,12248,0,12252,10,
12349,1,12349,139536,0,12449,1734000,12348,1530000,12348,0,12349,20,
12452,1,12452,189519,0,12549,1530000,12451,1734000,12450,0,12452,22,
12550,1,12550,139536,0,12652,510000,12549,1530000,12549,0,12550,20,
12663,1,12663,34700,0,12750,1530000,12655,510000,12654,0,12663,27,
12751,1,12751,258141,0,12850,1836000,12750,1530000,12750,0,12751,37,
12851,1,12851,237394,0,12950,2091000,12850,1836000,12850,0,12851,25,
12952,1,12952,1069295,377441,13050,2295000,12951,2091000,12951,0,12952,90,
13052,1,13052,1257889,566035,13151,2295000,13051,2295000,13051,0,13052,90,
13153,1,13153,768710,76856,13251,2295000,13152,2295000,13151,0,13153,55,
13253,1,13253,838593,146739,13352,1530000,13252,2295000,13252,0,13253,60,
13354,1,13354,439538,0,13452,1530000,13353,1530000,13352,0,13354,63,
13454,1,13454,209303,0,13553,1530000,13453,1530000,13453,0,13454,30,
13555,1,13555,306979,0,13654,1836000,13554,1530000,13553,0,13555,44,
13655,1,13655,417814,0,13754,1836000,13654,1836000,13654,0,13655,44,
13756,1,13756,379831,0,13855,1530000,13755,1836000,13754,0,13756,40,
13857,1,13857,153489,0,13955,1632000,13856,1530000,13855,0,13857,22,
13969,1,13959,52693,0,14056,1530000,13956,510000,13955,0,13958,41,
14058,1,14058,418607,0,14158,510000,14057,1530000,14056,0,14058,60,
14174,1,14174,42411,0,14257,1530000,14165,510000,14162,0,14174,33,
14259,1,14259,258141,0,14359,1836000,14258,1530000,14257,0,14259,37,
14361,1,14361,474789,0,14460,1530000,14360,1836000,14360,0,14361,50,
14461,1,14461,76744,0,14565,637500,14460,1530000,14460,0,14461,11,
14583,1,14582,58379,0,14662,2295000,14568,637500,14567,0,14578,33,
14664,1,14664,1188006,496152,14764,510000,14663,2295000,14663,0,14664,85,
14770,1,14770,209303,0,14864,1530000,14767,1530000,14765,0,14769,30,
14866,1,14866,76744,0,14964,1836000,14864,1530000,14864,0,14865,11,
14966,1,14966,664705,0,15064,1530000,14965,1836000,14964,0,14966,70,
15066,1,15066,348840,0,15165,1530000,15065,1530000,15065,0,15066,50,
15167,1,15167,69768,0,15266,1530000,15165,1530000,15165,0,15166,10,
15268,1,15268,348840,0,15366,1938000,15267,1530000,15267,0,15268,50,
15367,1,15367,260467,0,15466,1530000,15367,1938000,15366,0,15367,25,
15468,1,15468,139536,0,15567,1530000,15467,1530000,15467,0,15468,20,
15570,1,15570,279072,0,15668,1530000,15568,1530000,15568,0,15570,40,
15669,1,15669,69768,0,15768,1836000,15668,1530000,15668,0,15669,10,
15769,1,15769,104453,0,15869,1530000,15768,1836000,15768,0,15769,11,
15873,1,15872,174420,0,15970,637500,15871,1530000,15869,0,15872,25,
15974,1,15974,63686,0,16070,1530000,15971,637500,15971,0,15974,36,
16072,1,16072,209303,0,16170,1530000,16070,1530000,16070,0,16072,30,
16177,1,16177,0,0,16270,2014500,16171,1530000,16170,0,16177,0,
16272,1,16272,735119,43265,16371,2193000,16271,2014500,16271,0,16272,66,
16372,1,16372,709939,18085,16471,2295000,16371,2193000,16371,0,16372,55,
16472,1,16472,1397655,705801,16571,2295000,16471,2295000,16471,0,16472,100,
16573,1,16573,880522,188668,16672,1530000,16572,2295000,16572,0,16572,63,
16673,1,16673,139536,0,16773,510000,16672,1530000,16672,0,16673,20,
16780,1,16780,0,0,16874,1530000,16775,510000,16774,0,16780,0,
16880,1,16880,537213,0,16974,1938000,16875,1530000,16874,0,16880,77,
16979,1,16979,781401,89547,17075,1530000,16977,1938000,16976,0,16979,75,
17077,1,17077,0,0,17179,1530000,17075,1530000,17075,0,17077,0,
17199,1,17195,376747,0,17276,1836000,17186,1530000,17186,0,17193,54,
17277,1,17277,474789,0,17387,637500,17276,1836000,17276,0,17277,50,
17395,1,17394,100836,0,17487,1530000,17389,637500,17388,0,17393,57,
17489,1,17489,174420,0,17588,1530000,17488,1530000,17488,0,17489,25,
17590,1,17589,76744,0,17688,637500,17588,1530000,17588,0,17589,11,
17692,1,17691,67224,0,17790,1530000,17690,637500,17689,0,17691,38,
17799,1,17799,348840,0,17891,2091000,17792,1530000,17791,0,17798,50,
17892,1,17892,784150,92296,17992,510000,17891,2091000,17891,0,17892,66,
17997,1,17996,34700,0,18092,1530000,17993,510000,17993,0,17995,27,
18094,1,18094,279072,0,18192,1530000,18093,1530000,18092,0,18093,40,
18194,1,18194,209303,0,18294,2295000,18193,1530000,18192,0,18193,30,
18297,1,18297,866546,174692,18394,2295000,18294,2295000,18294,0,18297,62,
18395,1,18395,251577,0,18497,1734000,18394,2295000,18394,0,18395,18,
18498,1,18498,258435,0,18597,1530000,18497,1734000,18497,0,18498,30,
18599,1,18599,209303,0,18698,1938000,18598,1530000,18597,0,18598,30,
18699,1,18699,802238,110384,18798,1530000,18698,1938000,18698,0,18699,77,
18800,1,18800,69768,0,18898,1530000,18798,1530000,18798,0,18800,10,
18900,1,18900,313955,0,19001,637500,18899,1530000,18898,0,18900,45,
19019,1,19006,38919,0,19100,1836000,19002,637500,19002,0,19004,22,
19101,1,19101,759663,67809,19200,1530000,19100,1836000,19100,0,19101,80,
19201,1,19201,251164,0,19300,1530000,19200,1530000,19200,0,19201,36,
19302,1,19302,153489,0,19400,1530000,19301,1530000,19301,0,19302,22,
19402,1,19402,153489,0,19501,510000,19401,1530000,19401,0,19402,22,
19508,1,19508,32130,0,19605,1530000,19504,510000,19503,0,19507,25,
19611,1,19611,759663,67809,19703,2091000,19609,1836000,19607,0,19611,80,
19707,1,19705,1069295,377441,19804,2295000,19704,2091000,19704,0,19705,90,
19805,1,19805,1076194,384340,19905,1326000,19804,2295000,19804,0,19805,77,
19908,1,19908,346849,0,20005,1632000,19906,1326000,19906,0,19907,63,
20006,1,20006,427616,0,20105,1530000,20005,1632000,20005,0,20006,55,
20108,1,20108,313955,0,20206,561000,20106,1530000,20105,0,20107,45,
20215,1,20214,0,0,20308,2193000,20210,561000,20208,0,20214,0,
20335,1,20334,1084271,392417,20407,2295000,20332,2193000,20321,0,20334,84,
20409,1,20408,768710,76856,20509,1734000,20408,2295000,20407,0,20408,55,
20511,1,20511,284278,0,20610,1530000,20510,1734000,20509,0,20510,33,
20612,1,20612,279072,0,20712,2091000,20610,1530000,20610,0,20611,40,
20714,1,20714,914841,222987,20812,1428000,20713,2091000,20712,0,20714,77,
20823,1,20822,186611,0,20912,1530000,20814,1428000,20813,0,20816,30,
20915,1,20915,0,0,21015,1836000,20913,1530000,20913,0,20914,0,
21018,1,21018,626722,0,21115,2295000,21016,1836000,21016,0,21018,66,
21116,1,21116,838593,146739,21216,1530000,21116,2295000,21115,0,21116,60,
21219,1,21219,139536,0,21318,637500,21217,1530000,21217,0,21218,20,
21325,1,21325,35381,0,21417,663000,21320,637500,21320,0,21324,20,
21421,1,21420,46840,0,21517,1530000,21418,663000,21418,0,21420,25,
21520,1,21520,251164,0,21618,1530000,21518,1530000,21518,0,21519,36,
21619,1,21619,76744,0,21720,510000,21618,1530000,21618,0,21619,11,
21730,1,21729,46267,0,21819,1530000,21723,510000,21722,0,21728,36,
21821,1,21821,139536,0,21920,1530000,21820,1530000,21820,0,21820,20,
21921,1,21921,76744,0,22020,1836000,21920,1530000,21920,0,21921,11,
22021,1,22021,237394,0,22121,1530000,22020,1836000,22020,0,22021,25,
22125,1,22125,76744,0,22221,1530000,22123,1530000,22122,0,22124,11,
22223,1,22223,76744,0,22321,1632000,22222,1530000,22221,0,22222,11,
22324,1,22324,279894,0,22421,2091000,22323,1632000,22322,0,22323,36,
22423,1,22422,427718,0,22523,612000,22422,2091000,22422,0,22422,36,
22528,1,22527,41677,0,22624,637500,22524,612000,22524,0,22527,25,
22631,1,22630,47764,0,22726,2193000,22628,637500,22626,0,22630,27,
22734,1,22734,258159,0,22824,2295000,22727,2193000,22727,0,22733,20,
22825,1,22825,1076194,384340,22925,2295000,22825,2295000,22825,0,22825,77,
22931,1,22931,1257889,566035,23026,2295000,22926,2295000,22926,0,22927,90,
23122,1,23122,1397655,705801,23175,2295000,23026,2295000,23026,0,23122,100,
23177,1,23177,1397655,705801,23226,2295000,23176,2295000,23176,0,23177,100,
23228,1,23228,1118124,426270,23327,1836000,23227,2295000,23226,0,23227,80,
23329,1,23329,664705,0,23426,2091000,23328,1836000,23328,0,23329,70,
23428,1,23428,439599,0,23528,510000,23427,2091000,23427,0,23427,37,
23548,1,23547,38556,0,23627,1530000,23537,510000,23529,0,23547,30,
23629,1,23629,153489,0,23729,510000,23628,1530000,23628,0,23629,22,
23735,1,23735,11566,0,23828,1530000,23730,510000,23730,0,23734,9,
23830,1,23830,0,0,23929,510000,23829,1530000,23829,0,23830,0,
23935,1,23935,0,0,24029,1530000,23931,510000,23930,0,23935,0,
24031,1,24031,153489,0,24130,1530000,24030,1530000,24030,0,24031,22,
24131,1,24131,0,0,24231,637500,24131,1530000,24130,0,24131,0,
24235,1,24235,15921,0,24333,510000,24233,637500,24232,0,24235,9,
24339,1,24338,0,0,24432,1530000,24334,510000,24334,0,24337,0,
24433,1,24433,251164,0,24533,510000,24432,1530000,24432,0,24433,36,
24539,1,24539,23133,0,24634,510000,24535,510000,24534,0,24538,18,
24641,1,24640,25704,0,24735,510000,24637,510000,24636,0,24640,20,
24755,1,24755,25704,0,24835,1530000,24740,510000,24738,0,24755,20,
24836,1,24836,251164,0,24936,561000,24835,1530000,24835,0,24836,36,
24942,1,24941,16180,0,25036,1530000,24937,561000,24937,0,24941,11,
25039,1,25039,230234,0,25137,510000,25037,1530000,25037,0,25039,33,
25142,1,25142,0,0,25238,637500,25139,510000,25138,0,25142,0,
25241,1,25241,17690,0,25338,637500,25239,637500,25238,0,25241,10,
25342,1,25342,0,0,25438,1836000,25340,637500,25339,0,25342,0,
25439,1,25439,85462,0,25540,510000,25438,1836000,25438,0,25439,9,
25544,1,25544,14137,0,25641,510000,25542,510000,25541,0,25544,11,
25650,1,25650,12852,0,25740,1530000,25645,510000,25643,0,25649,10,
25742,1,25742,0,0,25841,510000,25741,1530000,25741,0,25742,0,
25849,1,25847,12852,0,25942,535500,25844,510000,25843,0,25846,10,
25947,1,25946,13767,0,26042,637500,25944,535500,25943,0,25946,10,
26048,1,26048,77838,0,26142,1836000,26045,637500,26043,0,26047,44,
26143,1,26143,417814,0,26243,1530000,26142,1836000,26142,0,26143,44,
26248,1,26248,279072,0,26351,1530000,26245,1530000,26244,0,26248,40,
26384,1,26383,348840,0,26447,1938000,26365,1530000,26352,0,26378,50,
26449,1,26449,520934,0,26546,1530000,26447,1938000,26447,0,26449,50,
26550,1,26550,418607,0,26647,1428000,26547,1530000,26546,0,26550,60,
26649,1,26649,435425,0,26747,1836000,26647,1428000,26647,0,26648,70,
26749,1,26749,759663,67809,26848,510000,26748,1836000,26748,0,26749,80,
26852,1,26852,14137,0,26949,510000,26849,510000,26849,0,26852,11,
26953,1,26953,14137,0,27050,510000,26951,510000,26950,0,26953,11,
27057,1,27057,46267,0,27151,510000,27053,510000,27052,0,27057,36,
27157,1,27156,14137,0,27250,1530000,27153,510000,27152,0,27155,11,
27251,1,27251,188373,0,27351,637500,27250,1530000,27250,0,27251,27,
27354,1,27354,17690,0,27452,510000,27352,637500,27351,0,27354,10,
27462,1,27461,12852,0,27553,561000,27453,510000,27453,0,27456,10,
27558,1,27557,44128,0,27654,510000,27554,561000,27554,0,27557,30,
27658,1,27658,38556,0,27755,510000,27655,510000,27655,0,27658,30,
27760,1,27760,25704,0,27855,510000,27757,510000,27756,0,27760,20,
27860,1,27860,25704,0,27957,510000,27857,510000,27857,0,27860,20,
27962,1,27962,34700,0,28057,1530000,27959,510000,27958,0,27962,27,
28061,1,28061,209303,0,28159,510000,28058,1530000,28058,0,28061,30,
28166,1,28166,0,0,28259,510000,28161,510000,28160,0,28165,0,
28268,1,28267,12852,0,28359,1530000,28262,510000,28261,0,28266,10,
28361,1,28361,69768,0,28460,1530000,28360,1530000,28360,0,28361,10,
28462,1,28462,69768,0,28561,561000,28461,1530000,28461,0,28462,10,
28566,1,28566,0,0,28662,663000,28563,561000,28562,0,28565,0,
28668,1,28667,20610,0,28762,637500,28664,663000,28663,0,28667,11,
28767,1,28766,31843,0,28863,1530000,28763,637500,28763,0,28766,18,
28864,1,28864,69768,0,28963,1530000,28863,1530000,28863,0,28864,10,
28964,1,28964,69768,0,29063,1530000,28963,1530000,28963,0,28964,10,
29065,1,29065,0,0,29164,1530000,29064,1530000,29063,0,29064,0,
29166,1,29166,0,0,29265,1530000,29165,1530000,29164,0,29165,0,
29267,1,29266,174420,0,29366,612000,29265,1530000,29265,0,29266,25,
29371,1,29371,41677,0,29467,510000,29368,612000,29367,0,29370,25,
29471,1,29471,0,0,29568,510000,29468,510000,29468,0,29471,0,
29574,1,29574,0,0,29668,510000,29570,510000,29569,0,29573,0,
29674,1,29674,0,0,29770,1836000,29670,510000,29669,0,29673,0,
29771,1,29771,417814,0,29871,1938000,29770,1836000,29770,0,29771,44,
29873,1,29873,687633,0,29972,1224000,29872,1938000,29872,0,29873,66,
29974,1,29974,217455,0,30072,2014500,29973,1224000,29972,0,29974,45,
30074,1,30074,735119,43265,30173,586500,30073,2014500,30073,0,30074,66,
30178,1,30178,31354,0,30274,510000,30175,586500,30174,0,30178,20,
30280,1,30280,23133,0,30374,1530000,30276,510000,30275,0,30279,18,
30376,1,30376,83721,0,30475,510000,30375,1530000,30374,0,30376,12,
30480,1,30479,48837,0,30577,510000,30477,510000,30476,0,30479,38,
30581,1,30581,32130,0,30679,510000,30578,510000,30578,0,30581,25,
30687,1,30686,14137,0,30777,1530000,30682,510000,30681,0,30685,11,
30778,1,30778,153489,0,30877,1530000,30777,1530000,30777,0,30778,22,
30880,1,30880,111628,0,30977,1530000,30878,1530000,30878,0,30880,16,
30979,1,30979,174420,0,31078,1530000,30978,1530000,30978,0,30979,25,
31080,1,31080,69768,0,31179,612000,31078,1530000,31078,0,31079,10,
31190,1,31190,16670,0,31280,535500,31181,612000,31180,0,31185,10,
31287,1,31286,50940,0,31383,510000,31282,535500,31281,0,31285,37,
31408,1,31404,25704,0,31482,2295000,31389,510000,31388,0,31395,20,
31484,1,31484,1229936,538082,31582,2295000,31483,2295000,31482,0,31484,88,
31585,1,31585,922452,230598,31684,510000,31583,2295000,31583,0,31585,66,
31691,1,31690,32130,0,31784,510000,31685,510000,31685,0,31690,25,
31790,1,31790,0,0,31885,510000,31786,510000,31786,0,31790,0,
31891,1,31891,14137,0,31986,586500,31888,510000,31887,0,31891,11,
31990,1,31990,42328,0,32089,510000,31987,586500,31987,0,31990,27,
32100,1,32099,38556,0,32187,1530000,32093,510000,32091,0,32099,30,
32190,1,32190,139536,0,32287,1530000,32189,1530000,32188,0,32190,20,
32288,1,32288,76744,0,32387,1530000,32287,1530000,32287,0,32288,11,
32389,1,32389,0,0,32488,535500,32388,1530000,32387,0,32389,0,
32493,1,32493,27535,0,32588,1530000,32490,535500,32489,0,32492,20,
32590,1,32590,230234,0,32689,1836000,32589,1530000,32588,0,32589,33,
32690,1,32690,284873,0,32789,2091000,32689,1836000,32689,0,32690,30,
32790,1,32790,522766,0,32890,510000,32789,2091000,32789,0,32790,44,
32895,1,32895,25704,0,32993,510000,32891,510000,32890,0,32894,20,
32999,1,32999,64260,0,33092,1530000,32995,510000,32994,0,32999,50,
33099,1,33099,383724,0,33192,510000,33093,1530000,33092,0,33099,55,
33197,1,33197,28274,0,33294,637500,33194,510000,33193,0,33197,22,
33298,1,33298,65455,0,33395,637500,33295,637500,33295,0,33298,37,
33400,1,33400,53071,0,33502,510000,33398,637500,33397,0,33400,30,
33511,1,33511,46267,0,33595,1530000,33504,510000,33503,0,33509,36,
33598,1,33597,139536,0,33696,1326000,33596,1530000,33596,0,33597,20,
33698,1,33698,165166,0,33797,637500,33697,1326000,33696,0,33698,30,
33801,1,33801,35381,0,33898,510000,33799,637500,33798,0,33801,20,
33902,1,33902,28274,0,33999,637500,33900,510000,33899,0,33902,22,
34003,1,34003,58379,0,34100,637500,34000,637500,34000,0,34002,33,
34105,1,34104,49533,0,34200,510000,34102,637500,34101,0,34104,28,
34214,1,34213,42411,0,34301,637500,34205,510000,34203,0,34210,33,
34307,1,34307,44226,0,34401,1530000,34302,637500,34302,0,34306,25,
34402,1,34402,139536,0,34502,510000,34401,1530000,34401,0,34402,20,
34513,1,34512,38556,0,34602,1530000,34504,510000,34503,0,34511,30,
34604,1,34603,76744,0,34703,510000,34602,1530000,34602,0,34603,11,
34708,1,34708,34700,0,34805,637500,34705,510000,34704,0,34707,27,
34810,1,34810,38919,0,34908,510000,34807,637500,34806,0,34809,22,
34920,1,34919,25704,0,35006,561000,34912,510000,34909,0,34918,20,
35032,1,35031,73547,0,35106,637500,35022,561000,35007,0,35030,50,
35112,1,35112,58379,0,35207,510000,35108,637500,35107,0,35110,33,
35212,1,35212,15422,0,35307,1530000,35209,510000,35208,0,35211,12,
35308,1,35308,76744,0,35409,637500,35307,1530000,35307,0,35308,11,
35414,1,35413,17690,0,35511,510000,35411,637500,35410,0,35413,10,
35517,1,35516,17992,0,35611,510000,35513,510000,35513,0,35516,14,
35616,1,35615,14137,0,35711,1530000,35613,510000,35613,0,35615,11,
35712,1,35712,209303,0,35812,510000,35711,1530000,35711,0,35712,30,
35819,1,35819,15422,0,35913,612000,35813,510000,35813,0,35819,12,
35923,1,35923,50012,0,36012,1530000,35915,612000,35914,0,35923,30,
36014,1,36014,76744,0,36113,1530000,36013,1530000,36013,0,36014,11,
36114,1,36114,209303,0,36213,1530000,36114,1530000,36113,0,36114,30,
36215,1,36215,69768,0,36314,1530000,36214,1530000,36214,0,36215,10,
36315,1,36315,0,0,36414,1530000,36314,1530000,36314,0,36315,0,
36416,1,36416,69768,0,36515,1530000,36415,1530000,36415,0,36415,10,
36518,1,36518,313955,0,36616,1122000,36516,1530000,36516,0,36518,45,
36617,1,36617,113420,0,36717,637500,36616,1122000,36616,0,36617,27,
36722,1,36721,19459,0,36817,1530000,36719,637500,36718,0,36721,11,
36819,1,36819,0,0,36917,1530000,36818,1530000,36817,0,36819,0,
36919,1,36919,0,0,37018,535500,36918,1530000,36917,0,36918,0,
37028,1,37028,37172,0,37118,1530000,37020,535500,37019,0,37027,27,
37119,1,37119,0,0,37220,510000,37118,1530000,37118,0,37119,0,
37225,1,37225,14137,0,37319,1530000,37221,510000,37221,0,37225,11,
37321,1,37321,348840,0,37421,510000,37320,1530000,37320,0,37320,50,
37425,1,37425,38556,0,37522,612000,37422,510000,37422,0,37425,30,
37532,1,37532,0,0,37621,1530000,37527,510000,37525,0,37531,0,
37623,1,37623,188373,0,37723,510000,37622,1530000,37622,0,37623,27,
37729,1,37729,32130,0,37774,510000,37724,510000,37724,0,37727,25,
37782,1,37781,0,0,37873,1530000,37777,510000,37775,0,37781,0,
37875,1,37875,83721,0,37974,1530000,37874,1530000,37873,0,37875,12,
37976,1,37976,209303,0,38074,1530000,37974,1530000,37974,0,37976,30,
38075,1,38075,76744,0,38175,510000,38074,1530000,38074,0,38075,11,
38180,1,38179,12852,0,38275,1530000,38177,510000,38176,0,38179,10,
38276,1,38276,139536,0,38376,637500,38275,1530000,38275,0,38276,20,
38380,1,38380,19459,0,38476,510000,38378,637500,38377,0,38380,11,
38485,1,38485,38556,0,38576,535500,38479,510000,38477,0,38484,30,
38581,1,38580,24781,0,38678,637500,38578,535500,38577,0,38579,18,
38742,1,38741,74300,0,38778,2193000,38680,637500,38679,0,38727,42,
38779,1,38779,1290799,598945,38878,2295000,38778,2193000,38778,0,38779,100,
38879,1,38879,559062,0,38979,510000,38879,2295000,38878,0,38879,40,
38983,1,38982,0,0,39080,612000,38980,510000,38980,0,38982,0,
39084,1,39084,66683,0,39180,510000,39081,612000,39081,0,39084,40,
39185,1,39185,12852,0,39281,510000,39182,510000,39181,0,39184,10,
39286,1,39286,42411,0,39382,510000,39283,510000,39282,0,39285,33,
39386,1,39386,25704,0,39481,1530000,39383,510000,39383,0,39385,20,
39483,1,39483,76744,0,39584,510000,39482,1530000,39482,0,39483,11,
39589,1,39588,34700,0,39685,510000,39586,510000,39585,0,39588,27,
39693,1,39692,0,0,39784,1530000,39688,510000,39687,0,39692,0,
39786,1,39786,188373,0,39886,510000,39785,1530000,39785,0,39786,27,
39892,1,39891,28274,0,39986,1530000,39888,510000,39887,0,39891,22,
39989,1,39989,139536,0,40086,1530000,39987,1530000,39987,0,39989,20,
40089,1,40089,76744,0,40188,510000,40088,1530000,40087,0,40089,11,
40194,1,40193,0,0,40288,510000,40190,510000,40189,0,40192,0,
40294,1,40294,12852,0,40391,510000,40290,510000,40290,0,40293,10,
40401,1,40401,0,0,40490,510000,40397,510000,40394,0,40400,0,
40494,1,40494,32130,0,40592,535500,40492,510000,40491,0,40494,25,
40599,1,40598,13767,0,40691,1530000,40594,535500,40593,0,40597,10,
40693,1,40693,153489,0,40793,510000,40692,1530000,40692,0,40693,22,
40800,1,40799,34700,0,40893,612000,40796,510000,40794,0,40799,27,
40899,1,40899,20005,0,40995,510000,40895,612000,40894,0,40898,12,
41001,1,41001,11566,0,41094,1836000,40997,510000,40996,0,41000,9,
41097,1,41097,474789,0,41195,2295000,41095,1836000,41095,0,41097,50,
41196,1,41196,1076194,384340,41295,1530000,41195,2295000,41195,0,41196,77,
41297,1,41297,111628,0,41397,510000,41296,1530000,41296,0,41297,16,
41403,1,41403,12852,0,41498,510000,41398,510000,41398,0,41403,10,
41503,1,41503,25704,0,41600,637500,41500,510000,41499,0,41502,20,
41604,1,41604,0,0,41701,1836000,41602,637500,41601,0,41604,0,
41704,1,41703,351344,0,41801,2193000,41702,1836000,41702,0,41703,37,
41802,1,41802,697031,5177,41904,2193000,41802,2193000,41801,0,41802,54,
41905,1,41905,903559,211705,42004,1632000,41904,2193000,41904,0,41905,70,
42006,1,42006,466490,0,42106,1938000,42005,1632000,42005,0,42006,60,
42107,1,42107,458422,0,42207,1530000,42107,1938000,42106,0,42107,44,
42211,1,42211,230234,0,42311,510000,42209,1530000,42208,0,42211,33,
42324,1,42323,25704,0,42408,637500,42315,510000,42312,0,42323,20,
42411,1,42411,21228,0,42509,586500,42409,637500,42409,0,42411,12,
42512,1,42512,0,0,42609,510000,42510,586500,42510,0,42512,0,
42613,1,42613,12852,0,42710,510000,42611,510000,42610,0,42613,10,
42717,1,42716,0,0,42810,1530000,42712,510000,42712,0,42715,0,
42812,1,42812,69768,0,42911,561000,42811,1530000,42810,0,42812,10,
42916,1,42916,0,0,43021,612000,42913,561000,42912,0,42915,0,
43028,1,43028,279072,0,43112,1530000,43026,1530000,43025,0,43027,40,
43113,1,43113,0,0,43213,510000,43112,1530000,43112,0,43113,0,
43218,1,43218,0,0,43313,1530000,43214,510000,43214,0,43217,0,
43315,1,43315,209303,0,43415,535500,43314,1530000,43313,0,43315,30,
43419,1,43419,24781,0,43515,1530000,43417,535500,43416,0,43419,18,
43517,1,43517,62791,0,43616,510000,43516,1530000,43516,0,43517,9,
43621,1,43620,12852,0,43716,1836000,43617,510000,43617,0,43620,10,
43717,1,43717,835629,143775,43816,2295000,43716,1836000,43716,0,43717,88,
43817,1,43817,1076194,384340,43916,2295000,43817,2295000,43817,0,43817,77,
43918,1,43918,1257889,566035,44017,2295000,43917,2295000,43917,0,43918,90,
44018,1,44018,698827,6973,44117,2295000,44017,2295000,44017,0,44018,50,
44118,1,44118,880522,188668,44217,2295000,44118,2295000,44118,0,44118,63,
44219,1,44219,698827,6973,44319,510000,44218,2295000,44218,0,44218,50,
44324,1,44324,11566,0,44419,1530000,44321,510000,44320,0,44324,9,
44421,1,44421,0,0,44520,510000,44420,1530000,44420,0,44421,0,
44525,1,44525,14137,0,44621,510000,44522,510000,44521,0,44524,11,
44626,1,44626,14137,0,44722,510000,44623,510000,44622,0,44625,11,
44728,1,44727,23133,0,44822,1530000,44724,510000,44723,0,44727,18,
44823,1,44823,139536,0,44923,510000,44822,1530000,44822,0,44823,20,
44928,1,44928,12852,0,45025,1530000,44924,510000,44924,0,44927,10,
45032,1,45032,153489,0,45127,2295000,45029,1530000,45027,0,45031,22,
45146,1,45145,1397655,705801,45227,2295000,45129,2295000,45128,0,45143,100,
45228,1,45228,880522,188668,45327,1938000,45227,2295000,45227,0,45228,63,
45253,1,45328,625121,0,45427,2193000,45328,1938000,45327,0,45328,60,
45329,1,45428,774479,82625,45528,1530000,45428,2193000,45427,0,45428,60,
45428,1,45529,69768,0,45628,714000,45528,1530000,45528,0,45529,10,
45529,1,45631,20905,0,45729,510000,45629,714000,45629,0,45631,10,
45631,1,45733,0,0,45829,1530000,45731,510000,45730,0,45733,0,
45734,1,45830,0,0,45930,510000,45829,1530000,45829,0,45830,0,
45830,1,45934,11566,0,46031,1530000,45932,510000,45931,0,45934,9,
45934,1,46032,76744,0,46131,1530000,46031,1530000,46031,0,46032,11,
46033,1,46132,0,0,46232,637500,46131,1530000,46131,0,46132,0,
46132,1,46237,19459,0,46332,1530000,46234,637500,46234,0,46236,11,
46238,1,46334,188373,0,46434,510000,46333,1530000,46333,0,46334,27,
46334,1,46441,28274,0,46534,510000,46436,510000,46435,0,46441,22,
46441,1,46542,42411,0,46634,1530000,46537,510000,46535,0,46540,33,
46543,1,46636,76744,0,46735,1530000,46635,1530000,46635,0,46636,11,
46636,1,46737,125582,0,46835,1530000,46736,1530000,46735,0,46737,18,
46737,1,46838,139536,0,46937,535500,46836,1530000,46836,0,46837,20,
46838,1,46942,16521,0,47038,561000,46939,535500,46938,0,46942,12,
46942,1,47045,16180,0,47138,1530000,47040,561000,47039,0,47045,11,
47046,1,47140,209303,0,47239,612000,47139,1530000,47138,0,47139,30,
47140,1,47244,33341,0,47339,637500,47241,612000,47240,0,47243,20,
47244,1,47344,35381,0,47441,510000,47341,637500,47341,0,47344,20,
47344,1,47450,23133,0,47540,1530000,47444,510000,47443,0,47449,18,
47450,1,47542,153489,0,47640,1530000,47541,1530000,47540,0,47542,22,
47542,1,47642,139536,0,47742,637500,47641,1530000,47641,0,47642,20,
47642,1,47746,17690,0,47842,510000,47743,637500,47743,0,47746,10,
47747,1,47849,15422,0,47943,510000,47845,510000,47844,0,47848,12,
47850,1,47949,12852,0,48043,510000,47945,510000,47944,0,47948,10,
47949,1,48050,57834,0,48143,1530000,48045,510000,48044,0,48049,45,
48050,1,48145,153489,0,48247,510000,48144,1530000,48144,0,48145,22,
48145,1,48266,28274,0,48346,1530000,48250,510000,48248,0,48264,22,
48266,1,48349,153489,0,48446,1530000,48347,1530000,48347,0,48348,22,
48349,1,48448,502329,0,48546,1836000,48447,1530000,48446,0,48448,72,
48448,1,48548,550755,0,48647,1530000,48547,1836000,48547,0,48548,58,
48548,1,48650,348840,0,48747,1530000,48648,1530000,48648,0,48649,50,
48650,1,48749,153489,0,48847,1836000,48748,1530000,48747,0,48749,22,
48749,1,48848,94957,0,48948,637500,48847,1836000,48847,0,48848,10,
48848,1,48951,19459,0,49048,1530000,48949,637500,48949,0,48951,11,
48951,1,49050,174420,0,49149,510000,49049,1530000,49049,0,49050,25,
49050,1,49154,25704,0,49249,1530000,49151,510000,49150,0,49153,20,
49154,1,49250,76744,0,49351,510000,49249,1530000,49249,0,49250,11,
49250,1,49355,12852,0,49452,637500,49353,510000,49352,0,49355,10,
49355,1,49457,31843,0,49554,510000,49454,637500,49453,0,49456,18,
49457,1,49558,125582,0,49654,510000,49556,1530000,49555,0,49557,18,
49558,1,49659,12852,0,49754,1530000,49655,510000,49655,0,49659,10,
49660,1,49756,139536,0,49855,561000,49755,1530000,49755,0,49756,20,
49756,1,49861,14709,0,49907,510000,49858,561000,49857,0,49860,10,
49861,1,49914,0,0,50006,1530000,49909,510000,49908,0,49913,0,
49915,1,50017,188373,0,50107,1632000,50007,1530000,50007,0,50016,27,
50017,1,50108,0,0,50207,1530000,50107,1632000,50107,0,50108,0,
50108,1,50209,0,0,50307,1530000,50208,1530000,50208,0,50209,0,
50210,1,50309,76744,0,50409,510000,50308,1530000,50308,0,50309,11,
50309,1,50413,20563,0,50510,535500,50410,510000,50410,0,50413,16,
50413,1,50515,0,0,50611,561000,50512,535500,50511,0,50515,0,
50516,1,50616,26476,0,50712,510000,50613,561000,50612,0,50615,18,
50616,1,50716,14137,0,50813,510000,50713,510000,50713,0,50715,11,
50716,1,50818,23133,0,50913,1530000,50815,510000,50814,0,50818,18,
50819,1,50914,139536,0,51013,1530000,50913,1530000,50913,0,50914,20,
50914,1,51015,0,0,51114,1530000,51014,1530000,51014,0,51015,0,
51015,1,51115,62791,0,51215,561000,51114,1530000,51114,0,51115,9,
51115,1,51224,14709,0,51316,637500,51217,561000,51216,0,51224,10,
51225,1,51322,53071,0,51416,1530000,51320,637500,51318,0,51322,30,
51323,1,51417,209303,0,51517,535500,51416,1530000,51416,0,51417,30,
51417,1,51522,27535,0,51619,535500,51519,535500,51518,0,51522,20,
51523,1,51625,16521,0,51718,1530000,51621,535500,51621,0,51624,12,
51625,1,51720,460468,0,51819,2295000,51719,1530000,51719,0,51720,66,
51720,1,51820,1257889,566035,51919,2295000,51819,2295000,51819,0,51820,90,
51820,1,51922,880522,188668,52020,1734000,51921,2295000,51920,0,51922,63,
51922,1,52022,516870,0,52120,2091000,52020,1734000,52020,0,52021,60,
52022,1,52121,641577,0,52221,1530000,52121,2091000,52120,0,52121,54,
52121,1,52223,83721,0,52321,510000,52222,1530000,52222,0,52223,12,
52223,1,52326,38556,0,52422,510000,52323,510000,52322,0,52325,30,
52326,1,52426,42411,0,52523,561000,52424,510000,52423,0,52426,33,
52426,1,52527,26476,0,52624,510000,52524,561000,52524,0,52527,18,
52527,1,52628,15422,0,52724,510000,52625,510000,52624,0,52627,12,
52628,1,52728,32130,0,52825,510000,52725,510000,52725,0,52728,25,
52728,1,52831,12852,0,52925,612000,52827,510000,52827,0,52831,10,
52831,1,52929,18337,0,53030,637500,52927,612000,52926,0,52929,11,
52929,1,53036,44226,0,53127,663000,53032,637500,53031,0,53036,25,
53036,1,53132,56209,0,53230,510000,53129,663000,53128,0,53132,30,
53133,1,53239,23133,0,53327,1530000,53234,510000,53232,0,53238,18,
53240,1,53329,0,0,53429,561000,53328,1530000,53328,0,53329,0,
53329,1,53433,0,0,53529,1530000,53430,561000,53430,0,53433,0,
53434,1,53531,76744,0,53629,510000,53530,1530000,53529,0,53531,11,
53531,1,53635,20563,0,53729,1530000,53631,510000,53631,0,53634,16,
53636,1,53731,76744,0,53831,510000,53730,1530000,53730,0,53731,11,
53731,1,53836,0,0,53931,510000,53833,510000,53832,0,53835,0,
53836,1,53936,38556,0,54032,637500,53933,510000,53932,0,53935,30,
53936,1,54038,53071,0,54133,2014500,54033,637500,54033,0,54037,30,
54038,1,54135,779671,87817,54236,586500,54134,2014500,54134,0,54135,70,
54135,1,54241,31354,0,54337,637500,54238,586500,54237,0,54241,20,
54241,1,54340,38919,0,54437,510000,54338,637500,54338,0,54340,22,
54340,1,54442,0,0,54538,510000,54440,510000,54440,0,54442,0,
54443,1,54545,0,0,54639,637500,54540,510000,54539,0,54544,0,
54545,1,54643,0,0,54740,510000,54640,637500,54640,0,54642,0,
54643,1,54744,0,0,54840,510000,54741,510000,54741,0,54744,0,
54744,1,54843,0,0,54941,510000,54841,510000,54841,0,54843,0,
54844,1,54945,28274,0,55042,1530000,54942,510000,54942,0,54945,22,
54945,1,55044,279072,0,55142,1530000,55042,1530000,55042,0,55044,40,
55044,1,55145,258141,0,55243,2295000,55143,1530000,55143,0,55144,37,
55145,1,55244,978358,286504,55343,1530000,55243,2295000,55243,0,55243,70,
55244,1,55345,258141,0,55443,1326000,55344,1530000,55343,0,55345,37,
55345,1,55445,330333,0,55544,510000,55444,1326000,55444,0,55445,60,
55445,1,55551,33341,0,55645,1530000,55547,612000,55545,0,55550,20,
55551,1,55646,69768,0,55746,510000,55645,1530000,55645,0,55646,10,
55647,1,55749,25704,0,55846,510000,55747,510000,55747,0,55749,20,
55750,1,55850,34700,0,55947,510000,55848,510000,55847,0,55850,27,
55850,1,55951,0,0,56047,1530000,55948,510000,55948,0,55950,0,
55951,1,56049,76744,0,56148,1530000,56048,1530000,56048,0,56048,11,
56049,1,56149,0,0,56249,510000,56148,1530000,56148,0,56149,0,
56149,1,56253,25704,0,56350,561000,56251,510000,56250,0,56253,20,
56253,1,56355,0,0,56450,510000,56352,561000,56351,0,56354,0,
56355,1,56456,0,0,56550,1530000,56452,510000,56452,0,56455,0,
56456,1,56552,69768,0,56652,637500,56551,1530000,56551,0,56552,10,
56552,1,56657,17690,0,56753,1530000,56654,637500,56653,0,56656,10,
56657,1,56755,76744,0,56853,1530000,56753,1530000,56753,0,56754,11,
56755,1,56855,0,0,56955,510000,56854,1530000,56854,0,56855,0,
56856,1,56960,20563,0,57054,1530000,56956,510000,56955,0,56959,16,
56960,1,57056,139536,0,57155,1530000,57055,1530000,57055,0,57056,20,
57056,1,57157,69768,0,57256,637500,57156,1530000,57155,0,57156,10,
57157,1,57260,58379,0,57357,510000,57258,637500,57257,0,57260,33,
57260,1,57364,14137,0,57457,1530000,57360,510000,57359,0,57363,11,
57364,1,57458,69768,0,57557,1530000,57457,1530000,57457,0,57458,10,
57458,1,57559,0,0,57659,510000,57558,1530000,57557,0,57558,0,
57559,1,57665,0,0,57759,561000,57661,510000,57660,0,57664,0,
57665,1,57764,0,0,57859,510000,57760,561000,57760,0,57763,0,
57764,1,57864,12852,0,57960,535500,57861,510000,57860,0,57863,10,
57864,1,57965,15144,0,58067,1530000,57962,535500,57962,0,57965,11,
57966,1,58069,188373,0,58168,1530000,58068,1530000,58068,0,58069,27,
58069,1,58170,0,0,58268,510000,58168,1530000,58168,0,58170,0,
58170,1,58271,0,0,58368,1530000,58269,510000,58268,0,58271,0,
58271,1,58369,0,0,58470,1836000,58368,1530000,58368,0,58369,0,
58369,1,58483,626722,0,58570,2091000,58470,1836000,58470,0,58475,66,
58485,1,58571,1188106,496252,58670,1632000,58570,2091000,58570,0,58571,100,
58571,1,58686,171046,0,58770,2193000,58671,1632000,58670,0,58679,22,
58686,1,58772,774479,82625,58872,535500,58771,2193000,58771,0,58772,60,
58772,1,58876,37172,0,58972,510000,58873,535500,58872,0,58875,27,
58877,1,58976,0,0,59072,1530000,58974,510000,58973,0,58976,0,
58977,1,59074,230234,0,59173,561000,59073,1530000,59073,0,59074,33,
59074,1,59178,16180,0,59274,510000,59175,561000,59174,0,59177,11,
59178,1,59287,15422,0,59374,1530000,59279,510000,59276,0,59285,12,
59288,1,59375,153489,0,59474,1530000,59374,1530000,59374,0,59375,22,
59376,1,59476,125582,0,59575,561000,59475,1530000,59475,0,59476,18,
59476,1,59580,29418,0,59676,561000,59577,561000,59577,0,59579,20,
59580,1,59684,26476,0,59776,1530000,59679,561000,59678,0,59683,18,
59684,1,59778,153489,0,59879,1530000,59777,1530000,59776,0,59777,22,
59778,1,59881,125582,0,59977,1530000,59880,1530000,59880,0,59881,18,
59881,1,59979,69768,0,60077,688500,59978,1530000,59977,0,59978,10,
59979,1,60081,21788,0,60179,510000,60079,688500,60078,0,60080,11,
60081,1,60186,20563,0,60279,535500,60181,510000,60180,0,60184,16,
60186,1,60283,16521,0,60379,510000,60281,535500,60280,0,60283,12,
60283,1,60384,0,0,60480,510000,60381,510000,60380,0,60384,0,
60384,1,60486,12852,0,60580,1530000,60483,510000,60482,0,60486,10,
60487,1,60582,76744,0,60683,561000,60581,1530000,60581,0,60582,11,
60582,1,60689,14709,0,60784,612000,60686,561000,60685,0,60688,10,
60689,1,60788,18337,0,60885,535500,60785,612000,60785,0,60788,11,
60788,1,60894,24781,0,60985,1530000,60890,535500,60885,0,60893,18,
60894,1,60986,188373,0,61085,1530000,60985,1530000,60985,0,60986,27,
60986,1,61087,69768,0,61187,510000,61086,1530000,61086,0,61087,10,
61087,1,61191,0,0,61287,1530000,61189,510000,61188,0,61191,0,
61192,1,61289,209303,0,61388,510000,61288,1530000,61288,0,61289,30,
61289,1,61392,12852,0,61489,637500,61389,510000,61389,0,61392,10,
61392,1,61492,0,0,61590,510000,61490,637500,61490,0,61492,0,
61493,1,61594,0,0,61690,510000,61591,510000,61591,0,61594,0,
61594,1,61694,11566,0,61791,1530000,61692,510000,61691,0,61694,9,
61695,1,61794,432561,0,61895,2193000,61792,1530000,61792,0,61794,62,
61794,1,61897,1161719,469865,61996,1632000,61896,2193000,61896,0,61897,90,
61897,1,61997,427616,0,62096,1734000,61996,1632000,61996,0,61997,55,
61997,1,62098,516870,0,62196,1632000,62097,1734000,62097,0,62098,60,
62098,1,62198,194371,0,62297,1530000,62197,1632000,62197,0,62198,25,
62198,1,62298,230234,0,62398,535500,62297,1530000,62297,0,62298,33,
62298,1,62401,15144,0,62500,510000,62399,535500,62399,0,62401,11,
62402,1,62507,23133,0,62599,510000,62502,510000,62501,0,62506,18,
62507,1,62604,34700,0,62699,1530000,62602,510000,62601,0,62604,27,
62605,1,62701,153489,0,62800,586500,62700,1530000,62700,0,62701,22,
62701,1,62804,15677,0,62901,510000,62802,586500,62801,0,62803,10,
62804,1,62905,28274,0,63001,510000,62902,510000,62902,0,62905,22,
62905,1,63005,25704,0,63102,1530000,63003,510000,63002,0,63005,20,
63005,1,63103,313955,0,63203,561000,63102,1530000,63102,0,63103,45,
63103,1,63207,39715,0,63304,586500,63204,561000,63204,0,63207,27,
63207,1,63310,39192,0,63404,637500,63305,586500,63304,0,63309,25,
63310,1,63409,31843,0,63506,637500,63406,637500,63405,0,63408,18,
63409,1,63509,17690,0,63557,510000,63507,637500,63507,0,63509,10,
63510,1,63564,20563,0,63657,1530000,63560,510000,63559,0,63563,16,
63565,1,63658,69768,0,63757,1530000,63657,1530000,63657,0,63658,10,
63658,1,63759,0,0,63858,510000,63758,1530000,63758,0,63759,0,
63759,1,63868,23133,0,63958,510000,63864,510000,63860,0,63867,18,
63868,1,63962,0,0,64066,1530000,63960,510000,63959,0,63962,0,
63962,1,64068,188373,0,64168,535500,64067,1530000,64067,0,64068,27,
64068,1,64172,0,0,64269,510000,64169,535500,64168,0,64172,0,
64173,1,64281,34700,0,64369,1734000,64272,510000,64270,0,64280,27,
64281,1,64370,189519,0,64470,637500,64369,1734000,64369,0,64370,22,
64370,1,64474,0,0,64570,1530000,64472,637500,64471,0,64474,0,
64474,1,64572,0,0,64671,510000,64571,1530000,64571,0,64572,0,
64572,1,64675,0,0,64771,1530000,64672,510000,64672,0,64674,0,
64675,1,64772,0,0,64872,510000,64772,1530000,64771,0,64772,0,
64772,1,64879,11566,0,64973,1530000,64874,510000,64873,0,64878,9,
64879,1,64974,0,0,65074,510000,64973,1530000,64973,0,64974,0,
64975,1,65083,12852,0,65178,1530000,65079,510000,65075,0,65082,10,
65084,1,65212,629762,0,65281,2295000,65193,1632000,65179,0,65202,81,
65213,1,65283,1397655,705801,65381,2295000,65281,2295000,65281,0,65283,100,
65283,1,65382,866546,174692,65480,2295000,65382,2295000,65381,0,65382,62,
65383,1,65481,838593,146739,65581,2295000,65481,2295000,65481,0,65481,60,
65482,1,65582,153742,0,65681,2295000,65581,2295000,65581,0,65582,11,
65582,1,65682,125788,0,65781,2295000,65681,2295000,65681,0,65682,9,
65682,1,65782,279531,0,,,65781,2295000,65781,0,65782,20,
65782,1,,,,,,,,,,,,
,,,,,,,,,,,,,

System Statistics:
Sensor Id,Name,Type,Average
206,"Battery Status",Battery Status,1.0
332,"Battery Power*",Power [uW],62353.54420731707
1000,"CPU1 Frequency",CPU Frequency [kHz],1288138.719512195
1001,"CPU2 Frequency",CPU Frequency [kHz],1290626.524390244
1096,"CPU1 Load",CPU Load [%],0.0
1097,"CPU2 Load",CPU Load [%],32.4344512195122


